bat_landing_to_food,seconds_after_rat_arrival,risk,reward,month,hours_after_sunset,season
16.0,108,1,0,0,1.870833333,0
0.074015603,17,0,1,0,3.100833333,0
4.0,41,0,1,0,3.1075,0
10.0,111,1,0,0,3.126944444,0
15.0,194,1,0,0,3.15,0
24.0,215,1,0,0,3.155833333,0
13.0,253,1,0,0,3.166388889,0
15.0,88,1,0,0,4.684444444,0
6.0,113,0,1,0,4.691388889,0
3.0,121,0,1,0,4.693611111,0
5.0,128,0,1,0,4.695555556,0
6.0,153,0,1,0,4.7025,0
10.0,208,1,0,0,4.717777778,0
1.0,216,1,0,0,4.72,0
2.0,37,1,0,0,8.8725,0
1.0,14,0,1,0,2.868888889,0
2.0,40,1,0,0,2.876111111,0
26.0,68,1,0,0,2.883888889,0
5.0,521,1,0,0,3.009722222,0
15.0,564,1,1,0,3.021666667,0
24.0,607,1,0,0,3.033611111,0
2.0,107,0,1,0,11.26277778,0
2.0,358,0,1,0,11.3325,0
0.049410419,12,0,1,1,6.591111111,0
1.0,14,0,1,1,6.591666667,0
6.0,49,1,0,1,6.601388889,0
3.0,68,0,1,1,6.606666667,0
8.0,84,1,0,1,6.611111111,0
0.010695699,186,0,1,1,6.639444444,0
2.0,231,0,1,1,6.651944444,0
1.0,246,0,0,1,6.656111111,0
9.0,253,0,1,1,6.658055556,0
6.0,355,0,1,1,6.686388889,0
11.0,742,0,1,1,11.1975,0
2.0,115,0,1,1,9.108333333,0
3.0,195,1,0,1,2.522777778,0
1.0,168,0,1,1,5.168333333,0
1.0,306,1,0,1,11.32222222,0
1.0,9,0,1,1,2.770833333,0
1.0,456,1,0,1,2.895,0
0.035319187,528,1,0,1,2.915,0
1.0,534,1,0,1,2.916666667,0
7.0,545,1,1,1,2.919722222,0
1.0,551,0,1,1,2.921388889,0
0.034803066,569,0,1,1,2.926388889,0
1.0,583,1,0,1,2.930277778,0
1.0,589,0,1,1,2.931944444,0
2.0,627,0,1,1,2.9425,0
1.0,631,0,1,1,2.943611111,0
4.0,642,0,1,1,2.946666667,0
4.0,720,0,1,1,2.968333333,0
3.0,824,1,0,1,2.997222222,0
22.0,225,0,1,1,8.381666667,0
1.0,162,1,0,1,2.813333333,0
2.0,151,1,0,2,8.333055556,0
1.0,17,1,0,2,9.676111111,0
3.0,116,1,0,2,8.713055556,0
4.0,22,1,0,2,7.375277778,0
3.0,96,0,1,2,7.395833333,0
0.089216347,18,0,1,2,7.471944444,0
2.0,56,1,0,2,7.4825,0
0.041390374,65,0,1,2,7.485,0
0.090143902,81,1,0,2,7.489444444,0
20.0,102,0,0,2,7.495277778,0
2.0,149,1,0,2,7.508333333,0
7.0,61,1,0,2,7.386111111,0
21.0,65,1,1,2,7.387222222,0
4.0,68,0,1,2,7.388055556,0
2.0,80,0,1,2,7.391388889,0
1.0,166,1,0,2,1.225277778,0
14.0,299,0,1,2,5.661944444,0
1.0,2,0,1,2,8.554722222,0
6.0,74,1,0,2,8.796944444,0
1.0,80,1,0,2,8.798611111,0
7.0,99,1,0,2,8.803888889,0
4.0,116,1,0,2,8.808611111,0
4.0,200,1,0,2,8.831944444,0
0.035867953,27,1,0,2,10.37444444,0
2.0,184,0,1,2,7.489722222,0
1.0,239,1,0,2,7.505,0
3.0,2,0,1,2,6.767222222,0
1.0,135,1,0,2,6.862222222,0
17.0,2,0,1,2,7.114722222,0
1.0,154,1,0,2,7.156944444,0
1.0,146,1,0,2,10.18444444,0
21.0,211,1,0,2,10.2025,0
9.0,246,0,1,2,10.21222222,0
1.0,77,1,0,2,10.34222222,0
3.0,59,0,1,2,10.435,0
1.0,89,1,0,2,4.659166667,0
2.0,259,1,0,2,4.706388889,0
4.0,470,1,0,2,4.765,0
2.0,187,1,0,2,5.341666667,0
1.0,204,1,0,2,5.346388889,0
2.0,420,1,0,2,5.406388889,0
9.0,434,1,0,2,5.410277778,0
0.061201372,512,1,0,2,5.431944444,0
1.0,518,1,0,2,5.433611111,0
1.0,225,1,0,2,12.09194444,0
0.050105814,54,0,1,2,0.9225,0
1.0,30,0,1,2,2.085833333,0
0.085595674,71,1,0,2,2.097222222,0
6.0,179,1,0,2,1.440277778,0
6.0,201,0,1,2,1.446388889,0
1.0,321,1,0,2,1.479722222,0
3.0,77,1,0,2,1.274722222,0
4.0,3,1,0,2,1.260555556,0
2.0,25,1,0,2,4.860277778,0
16.0,181,1,0,2,4.903611111,0
2.0,201,1,0,2,4.909166667,0
1.0,206,0,1,2,4.910555556,0
0.07570842,250,1,0,2,4.922777778,0
0.057540536,157,0,1,2,7.078055556,0
3.0,6,1,0,2,8.078333333,0
5.0,222,1,0,2,3.771111111,0
1.0,68,1,0,2,4.236666667,0
2.0,75,1,0,2,4.238611111,0
1.0,6,1,0,2,4.368333333,0
4.0,92,1,0,2,4.392222222,0
13.0,137,1,0,2,4.404722222,0
1.0,155,1,0,2,4.409722222,0
2.0,158,0,1,2,4.410555556,0
1.0,224,1,0,2,4.428888889,0
1.0,35,1,0,2,7.1725,0
5.0,7,0,1,2,7.794722222,0
0.04438061,105,1,0,2,8.544444444,0
3.0,132,1,0,2,8.551944444,0
1.0,242,0,1,2,8.5825,0
6.0,269,0,1,2,8.59,0
24.0,286,1,0,2,8.594722222,0
0.097399911,13,0,1,2,2.05,0
2.0,20,1,0,2,3.370555556,0
1.0,35,1,0,2,3.374722222,0
2.0,42,1,0,2,3.376666667,0
0.050211363,139,0,1,2,0.247777778,0
3.0,2,0,1,3,3.795555556,1
2.0,73,0,1,3,3.815277778,1
1.0,105,0,1,3,3.824166667,1
2.0,130,0,1,3,3.831111111,1
4.0,71,0,1,3,5.849444444,1
0.046019395,192,1,0,3,5.883055556,1
9.0,220,0,1,3,5.890833333,1
18.0,239,0,1,3,5.896111111,1
14.0,250,1,0,3,5.899166667,1
2.0,264,1,0,3,5.903055556,1
3.0,265,0,1,3,5.903333333,1
12.0,279,1,0,3,5.907222222,1
15.0,295,0,1,3,5.911666667,1
2.0,426,0,1,3,5.948055556,1
11.0,507,1,0,3,5.970555556,1
0.013008356,29,0,1,3,7.385833333,1
2.0,135,0,1,3,7.415277778,1
2.0,188,1,0,3,7.43,1
0.028276798,329,1,0,3,7.469166667,1
4.0,46,1,1,3,8.347222222,1
2.0,108,0,1,3,9.436944444,1
25.0,517,1,0,3,5.497777778,1
3.0,537,0,1,3,6.976944444,1
0.064154735,572,0,1,3,6.986666667,1
10.0,381,1,0,4,3.06,1
8.0,436,1,0,4,3.075277778,1
2.0,450,0,1,4,3.079166667,1
6.0,455,1,0,4,3.080555556,1
2.0,477,0,0,4,3.086666667,1
0.030293066,558,0,1,4,3.109166667,1
7.0,662,1,0,4,3.138055556,1
6.0,673,1,0,4,3.141111111,1
18.0,668,0,1,4,3.139722222,1
17.0,695,1,0,4,3.147222222,1
1.0,128,0,1,4,4.189444444,1
6.0,381,0,1,4,4.259722222,1
2.0,80,0,1,4,4.708055556,1
1.0,177,0,1,4,4.735,1
11.0,223,1,0,4,4.747777778,1
3.0,234,0,1,4,4.750833333,1
25.0,239,0,1,4,4.752222222,1
6.0,238,1,0,4,4.751944444,1
3.0,262,1,0,4,4.758611111,1
11.0,287,1,0,4,4.765555556,1
15.0,355,0,1,4,4.784444444,1
6.0,360,1,0,4,4.785833333,1
0.069936967,53,0,1,4,6.003888889,1
1.0,82,0,1,4,6.011944444,1
1.0,98,0,1,4,6.016388889,1
4.0,101,0,1,4,6.017222222,1
0.036982956,112,1,0,4,6.020277778,1
1.0,120,1,0,4,6.0225,1
2.0,128,0,1,4,6.024722222,1
4.0,180,0,1,4,6.039166667,1
3.0,232,1,0,4,6.053611111,1
19.0,353,1,0,4,6.087222222,1
3.0,435,0,1,4,6.11,1
6.0,612,0,1,4,6.159166667,1
1.0,708,0,1,4,6.185833333,1
9.0,777,1,0,4,6.205,1
23.0,806,1,0,4,6.213055556,1
3.0,90,0,1,4,2.358611111,1
3.0,376,0,1,4,2.438055556,1
2.0,452,0,1,4,2.459166667,1
2.0,12,0,1,4,4.395833333,1
9.0,31,1,0,4,4.401111111,1
4.0,58,0,1,4,4.408611111,1
5.0,187,1,0,4,4.444444444,1
4.0,197,1,0,4,4.447222222,1
1.0,224,0,1,4,4.454722222,1
3.0,312,0,1,4,4.479166667,1
0.010238211,402,1,0,4,4.504166667,1
2.0,597,0,1,4,4.558333333,1
2.0,949,1,0,4,4.656111111,1
3.0,12,1,0,4,5.788055556,1
4.0,25,0,1,4,5.791666667,1
2.0,97,0,1,4,5.811666667,1
2.0,112,0,1,4,5.815833333,1
4.0,217,0,1,4,5.845,1
1.0,357,1,0,4,5.883888889,1
14.0,418,1,0,4,5.900833333,1
1.0,624,0,1,4,5.958055556,1
6.0,22,1,0,4,2.135833333,1
2.0,29,1,0,4,2.137777778,1
8.0,45,1,1,4,2.142222222,1
5.0,66,1,0,4,2.148055556,1
2.0,76,1,0,4,2.150833333,1
15.0,88,1,0,4,2.154166667,1
4.0,101,1,1,4,2.157777778,1
15.0,16,1,0,4,3.148055556,1
18.0,33,1,1,4,3.152777778,1
3.0,65,0,1,4,3.161666667,1
13.0,81,1,1,4,3.166111111,1
14.0,81,1,1,4,3.166111111,1
10.0,92,1,1,4,3.169166667,1
7.0,126,1,0,4,3.178611111,1
3.0,202,0,1,4,3.199722222,1
1.0,215,0,1,4,3.203333333,1
23.0,274,1,0,4,3.219722222,1
4.0,318,0,1,4,3.231944444,1
5.0,322,1,1,4,3.233055556,1
3.0,326,0,1,4,3.234166667,1
2.0,340,0,1,4,3.238055556,1
3.0,392,0,1,4,3.2525,1
2.0,594,1,0,4,3.308611111,1
2.0,602,1,0,4,3.310833333,1
1.0,613,1,0,4,3.313888889,1
18.0,635,1,1,4,3.32,1
0.028315379,22,0,1,4,3.805,1
6.0,37,1,1,4,3.809166667,1
9.0,46,1,0,4,3.811666667,1
2.0,87,0,1,4,3.823055556,1
8.0,96,0,1,4,3.825555556,1
6.0,110,0,1,4,3.829444444,1
6.0,273,0,1,4,3.874722222,1
0.039556377,283,0,1,4,3.8775,1
7.0,10,1,1,4,5.126111111,1
4.0,65,0,1,4,5.141388889,1
0.02018894,72,1,0,4,5.143333333,1
13.0,138,1,1,4,5.161666667,1
12.0,164,1,1,4,5.168888889,1
20.0,183,1,1,4,5.174166667,1
9.0,187,1,1,4,5.175277778,1
21.0,199,1,1,4,5.178611111,1
1.0,226,1,0,4,5.186111111,1
6.0,231,0,1,4,5.1875,1
15.0,76,1,1,4,6.04,1
3.0,85,1,0,4,6.0425,1
8.0,119,0,1,4,6.051944444,1
10.0,126,0,1,4,6.053888889,1
15.0,142,0,1,4,6.058333333,1
26.0,223,1,1,4,6.080833333,1
0.050962883,7,1,0,4,6.899722222,1
5.0,47,0,1,4,6.910833333,1
3.0,140,0,1,4,6.936666667,1
13.0,246,0,1,4,6.966111111,1
3.0,318,1,0,4,6.986111111,1
0.09619989,366,1,1,4,6.999444444,1
0.063771569,368,1,0,4,7.0,1
0.081091814,537,0,1,4,7.046944444,1
2.0,62,0,1,4,7.379722222,1
2.0,660,0,1,4,7.545833333,1
0.032779517,784,0,1,4,7.580277778,1
10.0,811,0,1,4,7.587777778,1
22.0,825,0,1,4,7.591666667,1
0.068238813,857,1,1,4,7.600555556,1
11.0,908,1,1,4,7.614722222,1
1.0,17,0,1,4,7.741666667,1
2.0,22,0,1,4,7.743055556,1
0.042707344,17,1,0,4,8.101388889,1
13.0,20,0,1,4,8.102222222,1
0.043905767,33,1,0,4,8.105833333,1
1.0,99,0,1,4,8.124166667,1
0.076705397,142,1,0,4,8.136111111,1
0.040958086,38,0,1,4,8.446388889,1
0.056999457,159,1,0,4,8.48,1
0.099530937,160,1,0,4,8.480277778,1
0.014419381,168,1,0,4,8.4825,1
3.0,106,0,1,4,8.736111111,1
5.0,106,0,1,4,8.931666667,1
0.040564984,445,1,1,4,9.323055556,1
16.0,183,1,1,4,3.194444444,1
0.044489486,26,0,1,4,3.806111111,1
2.0,34,1,0,4,3.808333333,1
1.0,570,0,1,4,7.520833333,1
3.0,140,0,1,4,8.135555556,1
22.0,166,0,0,4,8.481944444,1
0.051207358,75,0,1,4,0.217222222,1
1.0,167,0,1,4,0.242777778,1
1.0,230,0,1,4,0.260277778,1
5.0,547,1,0,4,0.348333333,1
0.039785341,220,1,0,4,2.360555556,1
3.0,487,0,1,4,2.434722222,1
2.0,493,1,0,4,2.436388889,1
4.0,22,1,0,4,3.381944444,1
1.0,472,1,0,4,3.506944444,1
12.0,185,0,1,4,4.857222222,1
14.0,207,1,0,4,4.863333333,1
5.0,235,1,0,4,4.871111111,1
0.016181067,262,1,0,4,4.878611111,1
3.0,320,1,0,4,4.894722222,1
18.0,341,1,0,4,4.900555556,1
11.0,508,1,0,4,4.946944444,1
1.0,579,0,1,4,4.966666667,1
0.093784466,673,0,1,4,4.992777778,1
0.019265878,697,0,1,4,4.999444444,1
1.0,711,0,1,4,5.003333333,1
6.0,809,0,1,4,5.030555556,1
10.0,825,1,0,4,5.035,1
0.058920205,863,0,1,4,5.045555556,1
0.024862202,39,0,1,4,6.802777778,1
1.0,41,0,1,4,6.803333333,1
10.0,65,1,0,4,6.81,1
1.0,84,0,1,4,6.815277778,1
1.0,122,0,1,4,6.825833333,1
0.014004332,141,0,1,4,6.831111111,1
7.0,164,1,0,4,6.8375,1
7.0,216,0,1,4,6.851944444,1
3.0,210,1,0,4,7.604166667,1
6.0,235,1,0,4,7.611111111,1
4.0,269,0,1,4,7.620555556,1
5.0,303,0,1,4,7.63,1
4.0,180,0,1,4,8.251666667,1
4.0,467,0,1,4,8.331388889,1
10.0,512,0,1,4,8.343888889,1
10.0,521,1,0,4,8.346388889,1
2.0,547,0,1,4,8.353611111,1
1.0,573,0,1,4,8.360833333,1
3.0,591,0,1,4,8.365833333,1
3.0,621,0,1,4,8.374166667,1
3.0,330,0,1,4,8.756111111,1
0.068554286,487,0,1,4,8.799722222,1
3.0,522,0,1,4,8.809444444,1
4.0,24,1,0,4,0.276944444,1
1.0,17,0,1,4,0.736388889,1
20.0,108,1,1,4,0.761666667,1
9.0,130,1,0,4,0.767777778,1
1.0,7,0,1,4,3.726666667,1
25.0,22,0,1,4,3.730833333,1
14.0,88,1,1,4,3.749166667,1
8.0,97,1,0,4,3.751666667,1
6.0,102,0,1,4,3.753055556,1
26.0,112,1,1,4,4.640833333,1
6.0,126,0,1,4,4.644722222,1
24.0,196,1,1,4,4.664166667,1
1.0,258,0,1,4,4.681388889,1
19.0,287,0,1,4,4.689444444,1
3.0,0,0,1,4,6.1875,1
6.0,14,0,1,4,6.191388889,1
1.0,48,0,1,4,6.200833333,1
7.0,28,1,0,4,6.583333333,1
1.0,59,0,1,4,6.591944444,1
16.0,109,1,0,4,6.605833333,1
11.0,23,0,1,4,6.989722222,1
18.0,141,0,1,4,7.0225,1
2.0,191,0,1,4,7.036388889,1
2.0,309,0,1,4,8.379722222,1
1.0,482,0,1,4,8.427777778,1
7.0,501,0,1,4,8.433055556,1
6.0,659,0,1,4,8.476944444,1
5.0,707,0,1,4,8.490277778,1
2.0,722,0,1,4,8.494444444,1
23.0,734,1,0,4,8.497777778,1
13.0,769,1,1,4,8.5075,1
2.0,372,0,1,4,10.23305556,1
1.0,263,0,1,4,10.14944444,1
0.025345863,2,0,1,4,-0.169166667,1
0.096196,76,0,1,4,-0.148611111,1
0.063701466,91,0,1,4,-0.144444444,1
0.094784549,105,0,1,4,1.341944444,1
0.076254237,166,1,0,4,1.358888889,1
0.014184241,383,1,0,4,1.419166667,1
9.0,0,1,0,4,2.198055556,1
1.0,85,0,1,4,3.725555556,1
5.0,188,0,1,4,3.754166667,1
0.047647063,0,1,0,4,4.036944444,1
0.090449811,63,1,0,4,4.054444444,1
3.0,139,0,1,4,4.075555556,1
14.0,171,0,1,4,4.084444444,1
17.0,28,1,0,4,5.060833333,1
20.0,82,1,0,4,5.075833333,1
0.099179779,206,1,0,4,5.110277778,1
11.0,309,0,1,4,5.138888889,1
2.0,8,0,1,4,5.611111111,1
0.043720185,11,1,0,4,5.611944444,1
2.0,47,1,0,4,5.735277778,1
6.0,66,1,0,4,5.740555556,1
5.0,78,1,0,4,5.743888889,1
3.0,87,0,1,4,5.746388889,1
0.069546705,132,1,0,4,5.758888889,1
0.035887407,143,1,0,4,5.761944444,1
5.0,172,0,1,4,5.77,1
6.0,182,0,1,4,5.772777778,1
0.087634798,206,0,1,4,5.779444444,1
3.0,211,0,1,4,5.780833333,1
0.038141769,5,0,1,4,6.0175,1
0.09694048,38,1,1,4,6.026666667,1
2.0,58,0,1,4,6.032222222,1
2.0,119,0,1,4,6.049166667,1
4.0,105,0,1,4,6.409444444,1
5.0,180,0,1,4,6.430277778,1
3.0,187,0,1,4,6.432222222,1
5.0,247,0,1,4,6.448888889,1
0.020820512,252,0,1,4,6.450277778,1
9.0,419,1,0,4,6.496666667,1
1.0,436,0,1,4,6.501388889,1
21.0,572,0,1,4,6.539166667,1
4.0,592,1,0,4,6.544722222,1
1.0,36,0,1,4,7.544166667,1
6.0,169,0,1,4,7.581111111,1
2.0,452,1,0,4,7.659722222,1
0.071250736,466,1,1,4,7.663611111,1
4.0,485,0,1,4,7.668888889,1
7.0,499,0,1,4,7.672777778,1
3.0,783,0,1,4,7.751666667,1
0.014550835,903,1,1,4,7.785,1
2.0,26,1,0,4,8.252222222,1
12.0,63,0,1,4,8.2625,1
0.025349973,402,1,0,4,8.356666667,1
0.094601342,708,1,0,4,8.441666667,1
26.0,740,1,1,4,8.450555556,1
0.044300625,192,0,1,4,9.265,1
0.09536188,315,0,1,4,9.299166667,1
0.091074825,109,0,1,4,9.688333333,1
2.0,44,0,1,4,4.049166667,1
1.0,60,0,1,4,4.053611111,1
1.0,66,0,1,4,7.5525,1
2.0,902,0,0,4,7.784722222,1
0.017597713,389,0,1,4,1.414722222,1
0.032534418,695,0,1,4,1.499722222,1
4.0,710,0,1,4,1.503888889,1
14.0,759,1,1,4,1.5175,1
20.0,4,1,0,4,3.5725,1
2.0,9,0,1,4,3.573888889,1
8.0,144,1,0,4,3.611388889,1
0.097800752,184,1,0,4,3.6225,1
0.063312201,428,1,0,4,3.690277778,1
18.0,490,1,1,4,3.7075,1
2.0,521,0,1,4,3.716111111,1
5.0,529,1,1,4,3.718333333,1
0.078489345,776,0,1,4,3.786944444,1
22.0,239,1,1,4,6.196944444,1
9.0,290,1,1,4,6.211111111,1
4.0,304,0,1,4,6.215,1
0.085746166,315,1,1,4,6.218055556,1
4.0,323,0,1,4,6.220277778,1
0.040027684,407,1,0,4,6.243611111,1
0.076567662,633,0,1,4,6.306388889,1
0.072746343,800,1,0,4,6.352777778,1
0.055695432,808,1,0,4,6.355,1
3.0,925,0,1,4,6.3875,1
0.094277126,63,0,1,4,7.387777778,1
1.0,91,0,1,4,7.395555556,1
0.019462583,142,0,0,4,7.409722222,1
7.0,162,0,1,4,7.415277778,1
0.037865482,191,0,1,4,7.423333333,1
4.0,222,0,1,4,7.431944444,1
0.037828205,291,1,1,4,7.451111111,1
22.0,288,1,1,4,7.450277778,1
0.099086619,624,0,1,4,7.543611111,1
0.033212611,630,1,1,4,7.545277778,1
0.096084094,878,1,0,4,7.614166667,1
7.0,605,1,1,4,8.582777778,1
6.0,653,0,1,4,8.596111111,1
5.0,445,1,0,4,6.254166667,1
8.0,47,1,0,4,2.662777778,1
5.0,199,1,0,4,2.705,1
17.0,214,1,0,4,2.9,1
1.0,127,1,0,4,3.389722222,1
2.0,18,0,1,4,3.732777778,1
1.0,79,0,1,4,3.749722222,1
2.0,105,0,1,4,3.756944444,1
5.0,576,1,1,4,3.887777778,1
13.0,592,1,0,4,3.892222222,1
15.0,623,1,0,4,3.900833333,1
1.0,35,0,1,4,3.97,1
3.0,74,0,1,4,3.980833333,1
2.0,120,0,1,4,3.993611111,1
6.0,23,0,1,4,4.401111111,1
11.0,174,1,1,4,4.829722222,1
3.0,330,1,0,4,4.873055556,1
6.0,363,0,1,4,4.882222222,1
5.0,365,1,0,4,4.882777778,1
2.0,373,0,1,4,4.885,1
4.0,401,0,1,4,4.892777778,1
1.0,408,1,0,4,4.894722222,1
7.0,434,1,0,4,4.901944444,1
6.0,449,0,1,4,4.906111111,1
5.0,496,1,1,4,4.919166667,1
18.0,497,0,1,4,4.919444444,1
3.0,520,0,1,4,4.925833333,1
10.0,544,1,0,4,4.9325,1
1.0,19,0,1,4,5.808888889,1
0.063724824,35,0,1,4,5.813333333,1
5.0,42,1,0,4,5.815277778,1
6.0,74,0,1,4,5.824166667,1
15.0,55,1,0,4,6.935833333,1
4.0,90,0,1,4,6.945555556,1
5.0,60,1,0,4,7.071388889,1
0.026148246,90,0,1,4,7.079722222,1
7.0,120,1,1,4,7.528333333,1
7.0,128,0,1,4,7.530555556,1
0.08833199,139,0,1,4,7.533611111,1
8.0,170,0,1,4,7.542222222,1
6.0,211,0,1,4,7.553611111,1
15.0,31,1,0,4,8.1225,1
2.0,45,0,1,4,8.126388889,1
3.0,194,0,1,4,8.305,1
3.0,172,0,1,4,8.554722222,1
17.0,115,1,0,4,9.978888889,1
1.0,370,0,1,4,10.04972222,1
3.0,56,0,1,4,10.63222222,1
1.0,159,1,0,4,1.516388889,1
12.0,199,1,0,4,1.5275,1
7.0,59,0,1,4,5.118888889,1
3.0,187,0,1,4,6.058055556,1
8.0,200,1,0,4,9.331666667,1
1.0,210,0,1,4,9.334444444,1
5.0,274,0,1,4,9.352222222,1
14.0,280,0,1,4,9.353888889,1
2.0,38,1,0,4,1.926388889,1
2.0,109,1,0,4,1.946111111,1
6.0,139,1,0,4,2.853611111,1
11.0,228,0,1,4,2.878333333,1
13.0,407,1,0,4,2.928055556,1
4.0,616,1,0,4,4.154444444,1
9.0,655,1,0,4,4.165277778,1
12.0,673,1,0,4,4.170277778,1
11.0,685,1,1,4,4.173611111,1
2.0,773,0,1,4,4.198055556,1
5.0,9,1,0,4,0.4025,1
2.0,203,0,1,4,0.456388889,1
7.0,161,0,1,4,4.955,1
2.0,238,0,1,4,4.976388889,1
5.0,64,0,1,4,5.536388889,1
4.0,174,0,1,4,5.566944444,1
4.0,263,0,1,4,5.591666667,1
16.0,276,0,1,4,5.595277778,1
1.0,105,0,1,4,5.916111111,1
2.0,183,0,1,4,5.937777778,1
3.0,1,0,1,4,6.456111111,1
4.0,161,0,1,4,5.563333333,1
2.0,5,0,1,4,0.605555556,1
1.0,254,0,1,4,0.164722222,1
5.0,383,0,1,4,0.200555556,1
0.039481249,440,0,1,4,0.216388889,1
2.0,139,0,1,4,2.155555556,1
25.0,250,0,1,4,2.186388889,1
2.0,12,0,1,4,2.772222222,1
1.0,0,0,1,4,5.601666667,1
2.0,349,1,0,4,5.698611111,1
0.071239584,383,0,1,4,5.708055556,1
11.0,25,1,0,4,6.516666667,1
5.0,121,1,0,4,6.933055556,1
0.033235649,150,0,1,4,6.941111111,1
3.0,172,0,1,4,6.947222222,1
15.0,460,1,0,4,7.027222222,1
1.0,482,0,1,4,7.033333333,1
1.0,580,1,0,4,7.060555556,1
17.0,587,1,0,4,7.0625,1
0.0502264,603,0,1,4,7.066944444,1
4.0,619,1,0,4,7.071388889,1
1.0,621,0,0,4,7.071944444,1
0.057320093,629,0,0,4,7.074166667,1
2.0,628,1,0,4,7.073888889,1
2.0,638,0,1,4,7.076666667,1
1.0,261,0,1,4,8.218611111,1
6.0,279,1,0,4,8.223611111,1
4.0,285,0,1,4,10.69888889,1
17.0,336,0,1,4,5.695,1
4.0,629,1,0,5,4.518888889,1
10.0,234,1,0,5,7.870833333,1
23.0,423,1,0,5,8.3525,1
2.0,158,1,0,5,9.072777778,1
5.0,203,1,0,5,9.085277778,1
10.0,149,0,1,5,10.14583333,1
2.0,187,1,0,5,10.15638889,1
3.0,10,1,0,5,7.122777778,1
2.0,61,0,1,5,7.136944444,1
1.0,132,0,1,5,7.156666667,1
4.0,137,0,1,5,7.158055556,1
5.0,144,0,1,5,7.16,1
21.0,318,0,1,5,7.208333333,1
7.0,367,0,1,5,7.221944444,1
23.0,378,0,1,5,7.225,1
1.0,78,0,1,5,7.953888889,1
8.0,483,1,0,5,8.066388889,1
8.0,530,1,0,5,8.079444444,1
4.0,618,0,1,5,-0.198611111,1
1.0,703,0,1,5,-0.175,1
1.0,939,0,1,5,-0.109444444,1
1.0,62,0,1,5,2.120277778,1
1.0,443,0,1,5,2.226111111,1
4.0,275,0,0,5,2.833888889,1
23.0,261,0,1,5,3.858611111,1
10.0,130,0,1,5,4.592777778,1
2.0,10,0,1,5,5.434166667,1
19.0,12,1,0,5,5.434722222,1
1.0,142,0,1,5,5.470833333,1
2.0,253,1,0,5,5.501666667,1
6.0,280,1,0,5,5.509166667,1
20.0,396,1,1,5,5.541388889,1
22.0,408,0,1,5,5.544722222,1
7.0,433,0,1,5,5.551666667,1
4.0,627,1,0,5,5.605555556,1
2.0,99,1,0,5,6.248333333,1
0.010871342,404,1,0,5,6.995555556,1
4.0,449,1,0,5,7.008055556,1
6.0,481,1,0,5,7.016944444,1
1.0,23,0,1,5,8.5025,1
23.0,489,1,1,5,9.026111111,1
0.019932178,110,0,1,5,9.813055556,1
22.0,296,1,0,5,5.513611111,1
7.0,507,1,0,5,7.024166667,1
4.0,78,1,0,5,5.644166667,1
2.0,48,0,1,5,7.147777778,1
7.0,123,0,1,5,7.168611111,1
5.0,161,1,0,5,7.179166667,1
3.0,31,0,1,5,7.794166667,1
3.0,29,1,0,5,9.301111111,1
4.0,15,0,1,5,2.702222222,1
1.0,105,0,1,5,2.727222222,1
7.0,218,1,0,5,2.758611111,1
24.0,228,1,0,5,2.761388889,1
22.0,87,1,0,5,4.505833333,1
2.0,627,1,0,5,7.314722222,1
21.0,670,1,1,5,7.326666667,1
8.0,705,1,1,5,7.336388889,1
8.0,331,1,0,5,9.059444444,1
1.0,247,0,1,5,3.234444444,1
9.0,252,1,0,5,3.235833333,1
4.0,383,1,1,5,3.272222222,1
3.0,28,1,0,5,4.299166667,1
1.0,54,1,0,5,4.306388889,1
11.0,348,1,0,5,4.388055556,1
16.0,529,1,1,5,4.438333333,1
8.0,624,1,0,5,2.311111111,1
26.0,271,1,1,5,7.338888889,1
14.0,111,1,0,5,7.918055556,1
4.0,16,0,1,5,4.773888889,1
19.0,41,1,0,5,4.780833333,1
4.0,50,1,0,5,4.783333333,1
14.0,134,1,0,5,4.806666667,1
0.095162728,11,0,1,5,5.150555556,1
3.0,241,0,1,5,5.214444444,1
0.042360901,250,0,1,5,5.216944444,1
2.0,271,0,1,5,5.222777778,1
3.0,276,1,0,5,5.224166667,1
2.0,304,0,1,5,5.231944444,1
8.0,352,1,0,5,5.245277778,1
4.0,649,1,0,5,5.327777778,1
18.0,819,1,0,5,5.375,1
2.0,889,0,1,5,5.394444444,1
8.0,932,1,0,5,5.406388889,1
2.0,1,0,1,5,7.231111111,1
4.0,386,0,1,5,8.188055556,1
7.0,257,1,0,5,8.608611111,1
4.0,295,0,1,5,8.619166667,1
19.0,125,1,1,5,10.37722222,1
1.0,62,1,0,5,4.786666667,1
5.0,210,0,1,5,4.827777778,1
2.0,177,0,1,5,5.196666667,1
13.0,377,0,1,5,5.252222222,1
1.0,915,0,1,5,5.401666667,1
8.0,118,1,1,5,3.194166667,1
26.0,482,1,0,5,5.929166667,1
4.0,11,1,0,5,10.21861111,1
14.0,140,0,1,5,8.131944444,1
6.0,260,1,1,5,-0.015277778,1
3.0,9,1,0,5,0.530555556,1
1.0,51,1,0,5,0.542222222,1
1.0,146,1,0,5,0.568611111,1
18.0,89,0,1,5,1.670555556,1
1.0,124,1,0,5,1.680277778,1
4.0,317,1,0,5,1.733888889,1
1.0,293,0,1,5,3.592777778,1
16.0,5,1,1,5,3.868611111,1
2.0,448,0,0,5,3.991666667,1
1.0,451,0,1,5,3.9925,1
13.0,453,1,0,5,8.133333333,1
1.0,566,1,0,5,8.164722222,1
1.0,625,0,1,5,8.181111111,1
20.0,137,1,0,5,8.500833333,1
14.0,264,1,0,5,2.595833333,1
15.0,90,1,0,5,3.425555556,1
23.0,44,1,0,5,3.522777778,1
1.0,62,0,1,5,4.048888889,1
1.0,116,1,0,5,6.581111111,1
3.0,118,1,0,5,6.581666667,1
16.0,202,1,0,5,6.605,1
27.0,210,1,0,5,6.607222222,1
0.092315438,270,1,0,5,6.623888889,1
16.0,657,1,0,5,6.731388889,1
5.0,783,1,0,5,6.766388889,1
12.0,377,1,1,5,7.871944444,1
1.0,536,0,1,5,8.258055556,1
1.0,557,1,0,5,8.263888889,1
2.0,581,0,1,5,8.270555556,1
12.0,721,1,0,5,8.309444444,1
1.0,733,0,1,5,8.312777778,1
3.0,737,0,1,5,8.313888889,1
1.0,935,0,1,5,8.368888889,1
1.0,737,0,1,5,9.717222222,1
5.0,756,1,0,5,9.7225,1
8.0,808,0,1,5,9.736944444,1
19.0,91,1,0,5,10.07083333,1
6.0,54,1,0,5,1.044166667,1
10.0,275,0,1,5,1.353055556,1
17.0,645,1,1,5,1.455833333,1
8.0,28,0,1,5,3.172777778,1
1.0,43,0,1,5,3.176944444,1
16.0,167,1,0,5,4.226111111,1
14.0,695,1,0,5,5.658888889,1
19.0,766,0,1,5,5.678611111,1
2.0,13,0,1,5,6.658055556,1
2.0,233,0,1,5,6.719166667,1
1.0,81,0,1,5,7.392222222,1
1.0,179,1,0,5,8.043888889,1
18.0,237,1,0,5,8.06,1
1.0,790,1,0,5,-0.1675,1
4.0,930,1,0,5,-0.128611111,1
2.0,43,1,0,5,0.949166667,1
0.042337019,40,1,0,5,1.61,1
22.0,200,1,1,5,4.460277778,1
5.0,153,1,0,5,4.833888889,1
18.0,764,1,0,5,5.003611111,1
20.0,774,1,0,5,5.006388889,1
0.018395555,9,1,0,5,6.598055556,1
4.0,385,0,1,5,6.7025,1
11.0,505,1,0,5,6.735833333,1
4.0,519,0,1,5,6.739722222,1
10.0,555,0,1,5,6.749722222,1
10.0,142,1,0,5,7.604722222,1
1.0,164,0,1,5,7.610833333,1
5.0,248,0,1,5,7.634166667,1
0.062233499,547,0,1,5,7.717222222,1
6.0,593,1,1,5,7.73,1
8.0,620,0,1,5,7.7375,1
5.0,636,1,0,5,7.741944444,1
8.0,810,1,0,5,7.790277778,1
4.0,23,1,0,5,7.981388889,1
2.0,224,1,0,5,8.933333333,1
1.0,275,0,1,5,8.9475,1
22.0,310,0,1,5,8.957222222,1
2.0,339,0,1,5,4.498888889,1
